"TAG","colorName","colorHEX","symbol","line","UNITE"
"PASEO.CMD_HUB.HO40",,,,"solid","CMD"
"PASEO.CMD_HUB.HO41",,,,"solid","CMD"
"PASEO.CMD_HUB.HS07",,,,"solid","kW DC"
"PASEO.CMD_HUB.HS10",,,,"solid","%"
"PASEO.HP45",,,,"solid","watchdog"
"SEH0.EPB_SYS_65A1_IT_01.HM05",,,,"solid","A"
"SEH0.EPB_SYS_65A1_JTW_01_HC20",,,,"solid","W DC"
"SEH0.EPB_SYS_68A1_IT_01.HM05",,,,"solid","A"
"SEH0.EPB_SYS_68A1_JTW_01_HC20",,,,"solid","W DC"
"SEH0.EPB_TT_01.HM05",,,,"solid","°C"
"SEH0.EPB_TT_02.HM05",,,,"solid","°C"
"SEH0.Etat.HP40",,,,"solid","ETAT"
"SEH0.Etat.HP41",,,,"solid","ETAT"
"SEH0.GN_FT_01_HC01",,,,"solid","Nl/min"
"SEH0.GWPBC_HEX_01_TT_01.HM05",,,,"solid","°C"
"SEH0.GWPBC_HEX_01_TT_02.HM05",,,,"solid","°C"
"SEH0.GWPBC_PMP_01_JT_01.JTVA_HC20",,,,"solid","VA AC"
"SEH0.GWPBC_PMP_01_JT_01.JTVAR_HC20",,,,"solid","VAR AC"
"SEH0.GWPBC_PMP_01_JT_01.JTW_HC20",,,,"solid","W AC"
"SEH0.GWPBC_PMP_01.HO00",,,,"solid","TOR"
"SEH0.GWPBC_PMP_02_JTW_01_HC20",,,,"solid","W DC"
"SEH0.GWPBC_PMP_02.HO00",,,,"solid","TOR"
"SEH0.GWPBC_TNK_01_LS_01_HP04",,,,"solid","TOR"
"SEH0.GWPBC_TNK_01_LS_02_HP04",,,,"solid","TOR"
"SEH0.GWPBC_TNK_01_TT_01.HM05",,,,"solid","°C"
"SEH0.H2_FT_01_HC01",,,,"solid","Nl/min"
"SEH0.H2OP_FT_01_HC01",,,,"solid","g/min"
"SEH0.H2OR_JTWT_01_HC01",,,,"solid","Wth"
"SEH0.JT_01.JTVAR_HC20",,,,"solid","VAR AC"
"SEH0.JT_01.JTW_HC20",,,,"solid","W AC"
"SEH0.JT_02.JTVA_HC20",,,,"solid","VA AC"
"SEH0.JT_02.JTVAR_HC20",,,,"solid","VAR AC"
"SEH0.JT_02.JTW_HC20",,,,"solid","W AC"
"SEH0.L051_GN_ECV2_01.HO00",,,,"solid","TOR"
"SEH0.L052_GN_AT_01_BLUE_01.HM05",,,,"solid","RGB"
"SEH0.L052_GN_AT_01_BLUE_02.HM05",,,,"solid","RGB"
"SEH0.L052_GN_AT_01_GREEN_01.HM05",,,,"solid","RGB"
"SEH0.L052_GN_AT_01_GREEN_02.HM05",,,,"solid","RGB"
"SEH0.L052_GN_AT_01_RED_01.HM05",,,,"solid","RGB"
"SEH0.L052_GN_AT_01_RED_02.HM05",,,,"solid","RGB"
"SEH0.L052_GN_AT_01_RGB_01_HC01",,,,"solid","RGB"
"SEH0.L052_GN_AT_01_RGB_02_HC01",,,,"solid","RGB"
"SEH0.L118_O2_PT_01.HM05",,,,"solid","mbarg"
"SEH0.L121_O2_PT_01.HM05",,,,"solid","mbarg"
"SEH0.L121_O2_TT_01.HM05",,,,"solid","°C"
"SEH0.L126_O2_TT_01.HM05",,,,"solid","°C"
"SEH0.L131_O2a_PT_01.HM05",,,,"solid","mbarg"
"SEH0.L131_O2b_PT_01.HM05",,,,"solid","mbarg"
"SEH0.L138_O2_PT_01.HM05",,,,"solid","mbarg"
"SEH0.L139_O2_PT_01.HM05",,,,"solid","mbarg"
"SEH0.L200_H2OP_ECV2_01.HO00",,,,"solid","TOR"
"SEH0.L202_H2OP_CT_01.HM05",,,,"solid","microS/cm"
"SEH0.L205_H2OP_ECV2_01.HO00",,,,"solid","TOR"
"SEH0.L210_H2OP_CT_01.HM05",,,,"solid","microS/cm"
"SEH0.L221_H2OP_ECV3_01.HO00",,,,"solid","TOR"
"SEH0.L300_N2_ECV2_01.HO00",,,,"solid","TOR"
"SEH0.L400_H2OR_FT_01.HM05",,,,"solid","kg/h"
"SEH0.L400_H2OR_PT_01.HM05",,,,"solid","barg"
"SEH0.L413_H2OR_ECV2_01.HO00",,,,"solid","TOR"
"SEH0.L414_H2OR_TT_01.HM05",,,,"solid","°C"
"SEH0.L415_H2OR_FT_01.HM05",,,,"solid","kg/h"
"SEH0.L415_H2OR_TT_01.HM05",,,,"solid","°C"
"SEH0.L416_H2OR_ECV2_01.HO00",,,,"solid","TOR"
"SEH0.SFTB_AT_01_HD26",,,,"solid","TOR"
"SEH0.SFTB_AT_01_HM05",,,,"solid","%"
"SEH0.SFTB_AT_01_THR1_HD10",,,,"solid","TOR"
"SEH0.SFTB_AT_01_THR2_HD10",,,,"solid","TOR"
"SEH0.UPS.BAT.Battery_voltage",,,,"solid","V DC"
"SEH0.UPS.BAT.SOC",,,,"solid","%"
"SEH0.UPS.BAT.SOH",,,,"solid","%"
"SEH01.GWPBC_BLR_01_IT_01.HM05",,,,"solid","A"
"SEH01.GWPBC_BLR_01_JTW_01_HC20",,,,"solid","W DC"
"SEH01.GWPBC_BLR_01.HR36",,,,"solid","%"
"SEH01.GWPBC_BLR_02a_IT_01.HM05",,,,"solid","A"
"SEH01.GWPBC_BLR_02a_JTW_01_HC20",,,,"solid","W DC"
"SEH01.GWPBC_BLR_02a.HR36",,,,"solid","%"
"SEH01.GWPBC_BLR_02b_IT_01.HM05",,,,"solid","A"
"SEH01.GWPBC_BLR_02b_JTW_01_HC20",,,,"solid","W DC"
"SEH01.GWPBC_BLR_02b.HR36",,,,"solid","%"
"SEH01.GWPBC_BLR_03_IT_01.HM05",,,,"solid","A"
"SEH01.GWPBC_BLR_03_JTW_01_HC20",,,,"solid","W DC"
"SEH01.GWPBC_BLR_03.HR36",,,,"solid","%"
"SEH01.GWPBH_CLR_01.HO00",,,,"solid","TOR"
"SEH01.L118_O2_ECV2_01.HO00",,,,"solid","TOR"
"SEH01.L118_O2_FT_01.HM05",,,,"solid","Nl/min"
"SEH01.L118_O2_TT_01.HM05",,,,"solid","°C"
"SEH01.L121_O2_FT_01.HM05",,,,"solid","Nl/min"
"SEH01.L138_O2_FT_01.HM05",,,,"solid","Nl/min"
"SEH01.L301_N2_FCV_01.HR36",,,,"solid","Nl/min"
"SEH01.L301_N2_FT_01.HM05",,,,"solid","Nl/min"
"SEH01.L303_N2_FCV_01_ZT_01.HM05",,,,"solid","%"
"SEH01.L303_N2_FCV_01.HR36",,,,"solid","Nl/min"
"SEH01.L303_N2_FT_01.HM05",,,,"solid","Nl/min"
"SEH01.L303_N2_TT_01.HM05",,,,"solid","°C"
"SEH01.L417_H2OR_FT_01.HM05",,,,"solid","kg/h"
"SEH01.L417_H2OR_TT_01.HM05",,,,"solid","°C"
"SEH01.L418_H2OR_TT_01.HM05",,,,"solid","°C"
"SEH1.EPB_SYS_67A1_IT_01.HM05",,,,"solid","A"
"SEH1.EPB_SYS_67A1_JTW_01_HC20",,,,"solid","W DC"
"SEH1.Etat.HP40",,,,"solid","ETAT"
"SEH1.Etat.HP41",,,,"solid","ETAT"
"SEH1.Etat.HP42",,,,"solid","%"
"SEH1.GWPBH_BLR_01_IT_01.HM05",,,,"solid","A"
"SEH1.GWPBH_BLR_01_JTW_01_HC20",,,,"solid","W DC"
"SEH1.GWPBH_BLR_01.HR36",,,,"solid","%"
"SEH1.GWPBH_BLR_02.HO00",,,,"solid","TOR"
"SEH1.GWPBH_PMP_01_IT_01.HM05",,,,"solid","A"
"SEH1.GWPBH_PMP_01_JTW_01_HC20",,,,"solid","W DC"
"SEH1.GWPBH_PMP_01.HR36",,,,"solid","%"
"SEH1.GWPBH_PMP_02_IT_01.HM05",,,,"solid","A"
"SEH1.GWPBH_PMP_02_JTW_01_HC20",,,,"solid","W DC"
"SEH1.GWPBH_PMP_02.HR36",,,,"solid","%"
"SEH1.GWPBH_PMP_04.HO00",,,,"solid","TOR"
"SEH1.GWPBH_PMP_05_JT_01.JTVA_HC20",,,,"solid","VA AC"
"SEH1.GWPBH_PMP_05_JT_01.JTVAR_HC20",,,,"solid","VAR AC"
"SEH1.GWPBH_PMP_05_JT_01.JTW_HC20",,,,"solid","W AC"
"SEH1.GWPBH_PMP_05.HO00",,,,"solid","TOR"
"SEH1.GWPBH_TNK_01_PT_01.HM05",,,,"solid","mbarg"
"SEH1.HPB_CND_01_TT_01.HM05",,,,"solid","°C"
"SEH1.HPB_CND_01_TT_02.HM05",,,,"solid","°C"
"SEH1.HPB_CND_01_TT_03.HM05",,,,"solid","°C"
"SEH1.HPB_CND_01_TT_04.HM05",,,,"solid","°C"
"SEH1.HPB_CND_02_TT_01.HM05",,,,"solid","°C"
"SEH1.HPB_CND_02_TT_02.HM05",,,,"solid","°C"
"SEH1.HPB_CND_02_TT_03.HM05",,,,"solid","°C"
"SEH1.HPB_CND_02_TT_04.HM05",,,,"solid","°C"
"SEH1.HPB_CND_03_JTWT_HC20",,,,"solid","Wth"
"SEH1.HPB_CND_03_TT_01.HM05",,,,"solid","°C"
"SEH1.HPB_CND_03_TT_02.HM05",,,,"solid","°C"
"SEH1.HPB_CND_03_TT_03.HM05",,,,"solid","°C"
"SEH1.HPB_CND_03_TT_04.HM05",,,,"solid","°C"
"SEH1.HPB_HEX_01_TT_01.HM05",,,,"solid","°C"
"SEH1.HPB_HEX_01_TT_02.HM05",,,,"solid","°C"
"SEH1.HPB_HEX_01_TT_03.HM05",,,,"solid","°C"
"SEH1.HPB_HEX_01_TT_04.HM05",,,,"solid","°C"
"SEH1.HPB_HEX_02_TT_01.HM05",,,,"solid","°C"
"SEH1.HPB_HEX_02_TT_02.HM05",,,,"solid","°C"
"SEH1.HPB_HEX_02_TT_03.HM05",,,,"solid","°C"
"SEH1.HPB_HEX_02_TT_04.HM05",,,,"solid","°C"
"SEH1.HPB_HEX_03_TT_01.HM05",,,,"solid","°C"
"SEH1.HPB_HEX_03_TT_02.HM05",,,,"solid","°C"
"SEH1.HPB_HEX_03_TT_03.HM05",,,,"solid","°C"
"SEH1.HPB_HEX_03_TT_04.HM05",,,,"solid","°C"
"SEH1.HPB_PMP_01a_FT_01_HC20",,,,"solid","Nl/min"
"SEH1.HPB_PMP_01a_IT_01.HM05",,,,"solid","A"
"SEH1.HPB_PMP_01a_JTW_01_HC20",,,,"solid","W DC"
"SEH1.HPB_PMP_01a.HR36",,,,"solid","%"
"SEH1.HPB_PMP_01b_FT_01_HC20",,,,"solid","Nl/min"
"SEH1.HPB_PMP_01b_IT_01.HM05",,,,"solid","A"
"SEH1.HPB_PMP_01b_JTW_01_HC20",,,,"solid","W DC"
"SEH1.HPB_PMP_01b.HR36",,,,"solid","%"
"SEH1.HPB_SEP_01_LS_01_HP04",,,,"solid","TOR"
"SEH1.HPB_SEP_01_LS_02_HP04",,,,"solid","TOR"
"SEH1.HPB_SEP_02_LS_01_HP04",,,,"solid","TOR"
"SEH1.HPB_SEP_02_LS_02_HP04",,,,"solid","TOR"
"SEH1.HPB_STG_01a_HER_01_JT_01.JTVA_HC20",,,,"solid","VA AC"
"SEH1.HPB_STG_01a_HER_01_JT_01.JTVAR_HC20",,,,"solid","VAR AC"
"SEH1.HPB_STG_01a_HER_01_JT_01.JTW_HC20",,,,"solid","W AC"
"SEH1.HPB_STG_01a_HER_01.HR36",,,,"solid","%"
"SEH1.HPB_STG_01a_HER_02_JT_01.JTVA_HC20",,,,"solid","VA AC"
"SEH1.HPB_STG_01a_HER_02_JT_01.JTVAR_HC20",,,,"solid","VAR AC"
"SEH1.HPB_STG_01a_HER_02_JT_01.JTW_HC20",,,,"solid","W AC"
"SEH1.HPB_STG_01a_HER_02.HR36",,,,"solid","%"
"SEH1.HPB_STG_01a_HER_03_JT_01.JTVA_HC20",,,,"solid","VA AC"
"SEH1.HPB_STG_01a_HER_03_JT_01.JTVAR_HC20",,,,"solid","VAR AC"
"SEH1.HPB_STG_01a_HER_03_JT_01.JTW_HC20",,,,"solid","W AC"
"SEH1.HPB_STG_01a_HER_03.HR36",,,,"solid","%"
"SEH1.HPB_STG_01a_TT_01.HM05",,,,"solid","°C"
"SEH1.HPB_STG_01a_TT_02.HM05",,,,"solid","°C"
"SEH1.HPB_STG_01a_TT_03.HM05",,,,"solid","°C"
"SEH1.HPB_STG_01a_TT_04.HM05",,,,"solid","°C"
"SEH1.HPB_STG_01a_TT_05.HM05",,,,"solid","°C"
"SEH1.HPB_STG_01a_TT_06.HM05",,,,"solid","°C"
"SEH1.HPB_STG_01a_TT_07.HM05",,,,"solid","°C"
"SEH1.HPB_STG_01a_TT_08.HM05",,,,"solid","°C"
"SEH1.HPB_STG_01b_HER_00_JT_01.JTVA_HC20",,,,"solid","VA AC"
"SEH1.HPB_STG_01b_HER_00_JT_01.JTVAR_HC20",,,,"solid","VAR AC"
"SEH1.HPB_STG_01b_HER_00_JT_01.JTW_HC20",,,,"solid","W AC"
"SEH1.HPB_STG_01b_HER_01.HR36",,,,"solid","%"
"SEH1.HPB_STG_01b_HER_02.HR36",,,,"solid","%"
"SEH1.HPB_STG_01b_HER_03.HR36",,,,"solid","%"
"SEH1.HPB_STG_01b_TT_01.HM05",,,,"solid","°C"
"SEH1.HPB_STG_01b_TT_02.HM05",,,,"solid","°C"
"SEH1.HPB_STG_01b_TT_03.HM05",,,,"solid","°C"
"SEH1.HPB_STG_01b_TT_04.HM05",,,,"solid","°C"
"SEH1.HPB_STG_01b_TT_05.HM05",,,,"solid","°C"
"SEH1.HPB_STG_01b_TT_06.HM05",,,,"solid","°C"
"SEH1.HPB_STG_01b_TT_07.HM05",,,,"solid","°C"
"SEH1.HPB_STG_01b_TT_08.HM05",,,,"solid","°C"
"SEH1.HTBA_HEX_02_TT_01.HM05",,,,"solid","°C"
"SEH1.HTBA_HEX_02_TT_02.HM05",,,,"solid","°C"
"SEH1.HTBA_HEX_03_TT_01.HM05",,,,"solid","°C"
"SEH1.HTBA_HEX_03_TT_02.HM05",,,,"solid","°C"
"SEH1.HTBA_HEX_03_TT_03.HM05",,,,"solid","°C"
"SEH1.HTBA_HEX_03_TT_04.HM05",,,,"solid","°C"
"SEH1.HTBF_HEX_01_TT_01.HM05",,,,"solid","°C"
"SEH1.HTBF_HEX_01_TT_02.HM05",,,,"solid","°C"
"SEH1.HTBF_HEX_01_TT_03.HM05",,,,"solid","°C"
"SEH1.HTBF_HEX_01_TT_04.HM05",,,,"solid","°C"
"SEH1.HTBF_HEX_02_TT_01.HM05",,,,"solid","°C"
"SEH1.HTBF_HEX_03_TT_01.HM05",,,,"solid","°C"
"SEH1.HTBF_HEX_03_TT_02.HM05",,,,"solid","°C"
"SEH1.HTBF_HEX_03_TT_03.HM05",,,,"solid","°C"
"SEH1.HTBF_HEX_03_TT_04.HM05",,,,"solid","°C"
"SEH1.HTBF_HEX_04_TT_01.HM05",,,,"solid","°C"
"SEH1.HTBF_HEX_04_TT_02.HM05",,,,"solid","°C"
"SEH1.HTBF_HEX_04_TT_03.HM05",,,,"solid","°C"
"SEH1.HTBF_TT_01.HM05",,,,"solid","°C"
"SEH1.HTBF_TT_02.HM05",,,,"solid","°C"
"SEH1.L002_FUEL_TT_01.HM05",,,,"solid","°C"
"SEH1.L003_FUEL_TT_01.HM05",,,,"solid","°C"
"SEH1.L004_FUEL_TT_01.HM05",,,,"solid","°C"
"SEH1.L017_FUEL_PT_01.HM05",,,,"solid","mbarg"
"SEH1.L018_FUEL_TT_01.HM05",,,,"solid","°C"
"SEH1.L020_FUEL_PT_01.HM05",,,,"solid","mbarg"
"SEH1.L020_FUEL_TT_01.HM05",,,,"solid","°C"
"SEH1.L020_FUEL_TT_02.HM05",,,,"solid","°C"
"SEH1.L025_FUEL_FT_01.HM02",,,,"solid","Courbe"
"SEH1.L025_FUEL_FT_01.HM05",,,,"solid","Nl/min"
"SEH1.L025_FUEL_TT_01.HM05",,,,"solid","°C"
"SEH1.L025_FUEL_TT_02.HM05",,,,"solid","°C"
"SEH1.L026_H2_ECV2_01.HO00",,,,"solid","TOR"
"SEH1.L027_H2_ECV2_01.HO00",,,,"solid","TOR"
"SEH1.L029_H2_ECV2_01.HO00",,,,"solid","TOR"
"SEH1.L029_H2_FT_01.HM05",,,,"solid","Nl/min"
"SEH1.L029_H2_TT_01.HM05",,,,"solid","°C"
"SEH1.L030_H2_ECV2_01.HO00",,,,"solid","TOR"
"SEH1.L031_FUEL_TT_01.HM05",,,,"solid","°C"
"SEH1.L032_FUEL_FT_01.HM02",,,,"solid","Courbe"
"SEH1.L032_FUEL_FT_01.HM05",,,,"solid","Nl/min"
"SEH1.L032_FUEL_TT_01.HM05",,,,"solid","°C"
"SEH1.L035_FUEL_ECV2_01.HO00",,,,"solid","TOR"
"SEH1.L035_FUEL_PT_01.HM05",,,,"solid","mbarg"
"SEH1.L036_FUEL_PT_01.HM05",,,,"solid","mbarg"
"SEH1.L036_FUEL_TT_01.HM05",,,,"solid","°C"
"SEH1.L039_FUEL_ECV2_01.HO00",,,,"solid","TOR"
"SEH1.L040_FUEL_ECV2_01.HO00",,,,"solid","TOR"
"SEH1.L041_H2_ECV2_01.HO00",,,,"solid","TOR"
"SEH1.L041_H2_FCV_01.HR36",,,,"solid","Nl/min"
"SEH1.L041_H2_FT_01.HM05",,,,"solid","Nl/min"
"SEH1.L042_FUEL_TT_01.HM05",,,,"solid","°C"
"SEH1.L043_EH_TT_01.HM05",,,,"solid","°C"
"SEH1.L054_GN_FT_01.HM05",,,,"solid","Nl/min"
"SEH1.L054_GN_FV_01.HR36",,,,"solid","%"
"SEH1.L054_GN_PT_01.HM05",,,,"solid","mbarg"
"SEH1.L054_GN_TT_01.HM05",,,,"solid","°C"
"SEH1.L055_GN_ECV2_01.HO00",,,,"solid","TOR"
"SEH1.L055_GN_PT_01.HM05",,,,"solid","mbarg"
"SEH1.L116_O2_TV_01_ZT_01.HM05",,,,"solid","%"
"SEH1.L116_O2_TV_01.HR36",,,,"solid","%"
"SEH1.L117_O2_FT_01.HM05",,,,"solid","Nl/min"
"SEH1.L117_O2_TT_01.HM05",,,,"solid","°C"
"SEH1.L117_O2_TV_01_ZT_01.HM05",,,,"solid","%"
"SEH1.L117_O2_TV_01.HR36",,,,"solid","%"
"SEH1.L124_O2_FT_01.HM05",,,,"solid","Nl/min"
"SEH1.L124_O2_TT_01.HM05",,,,"solid","°C"
"SEH1.L124_O2_TV_01_ZT_01.HM05",,,,"solid","%"
"SEH1.L124_O2_TV_01.HR36",,,,"solid","%"
"SEH1.L125_O2_TT_01.HM05",,,,"solid","°C"
"SEH1.L133_O2_TT_01.HM05",,,,"solid","°C"
"SEH1.L134_O2_TT_01.HM05",,,,"solid","°C"
"SEH1.L135_O2_TT_01.HM05",,,,"solid","°C"
"SEH1.L135_O2_TT_02.HM05",,,,"solid","°C"
"SEH1.L136_O2_AT_01.HM05",,,,"solid","%"
"SEH1.L211_H2OP_FV_01.HR36",,,,"solid","%"
"SEH1.L211_H2OP_TT_01.HM05",,,,"solid","°C"
"SEH1.L213_H2OPa_FCV_01.HR36",,,,"solid","g/min"
"SEH1.L213_H2OPa_FT_01.HM05",,,,"solid","g/min"
"SEH1.L213_H2OPb_FCV_01.HR36",,,,"solid","g/min"
"SEH1.L213_H2OPb_FT_01.HM05",,,,"solid","g/min"
"SEH1.L219_H2OP_FT_01.HM05",,,,"solid","g/min"
"SEH1.L402_H2OR_FT_01.HM05",,,,"solid","kg/h"
"SEH1.L402_H2OR_TV_01.HR36",,,,"solid","%"
"SEH1.L404_H2OR_FT_01.HM05",,,,"solid","kg/h"
"SEH1.L404_H2OR_TV_01.HR36",,,,"solid","%"
"SEH1.L406_H2OR_FT_01.HM05",,,,"solid","kg/h"
"SEH1.L406_H2OR_TV_01.HR36",,,,"solid","%"
"SEH1.L408_H2OR_FT_01.HM05",,,,"solid","kg/h"
"SEH1.L408_H2OR_TV_01.HR36",,,,"solid","%"
"SEH1.SFTB_AT_01_HD26",,,,"solid","TOR"
"SEH1.SFTB_AT_01_HM05",,,,"solid","%"
"SEH1.SFTB_AT_01_THR1_HD10",,,,"solid","TOR"
"SEH1.SFTB_AT_01_THR2_HD10",,,,"solid","TOR"
"SEH1.SOEC.Pts_fct_enCours.SU",,,,"solid","%"
"SEH1.SOFCGN.Pts_fct_enCours.FU",,,,"solid","%"
"SEH1.SOFCH2.Pts_fct_enCours.FU",,,,"solid","%"
"SEH1.STB_FUEL_PT_01_HC21",,,,"solid","mbarg"
"SEH1.STB_GFC_00_PT_01_HC21","Dark Blue",,,"solid","mbarg"
"SEH1.STB_GFC_01_PT_01.HM05","Ultramarine",,,"solid","mbarg"
"SEH1.STB_GFC_01_TT_01.HM05",,,,"solid","°C"
"SEH1.STB_GFC_02_PT_01.HM05","Argentinian Blue",,,"solid","mbarg"
"SEH1.STB_GFC_02_TT_01.HM05",,,,"solid","°C"
"SEH1.STB_GFD_00_PT_01_HC21","Dark Blue",,,"solid","mbarg"
"SEH1.STB_GFD_01_PT_01.HM05","Ultramarine",,,"solid","mbarg"
"SEH1.STB_GFD_01_TT_01.HM05",,,,"solid","°C"
"SEH1.STB_GFD_02_PT_01.HM05","Argentinian Blue",,,"solid","mbarg"
"SEH1.STB_GFD_02_TT_01.HM05",,,,"solid","°C"
"SEH1.STB_HER_00_JTW_00_HC01",,,,"solid","W DC"
"SEH1.STB_HER_00.HO00",,,,"solid","TOR"
"SEH1.STB_HER_01_IT_01.HM05",,,,"solid","A"
"SEH1.STB_HER_01_JTW_01_HC20",,,,"solid","W DC"
"SEH1.STB_HER_02_IT_01.HM05",,,,"solid","A"
"SEH1.STB_HER_02_JTW_01_HC20",,,,"solid","W DC"
"SEH1.STB_HER_03_IT_01.HM05",,,,"solid","A"
"SEH1.STB_HER_03_JTW_01_HC20",,,,"solid","W DC"
"SEH1.STB_HER_04_IT_01.HM05",,,,"solid","A"
"SEH1.STB_HER_04_JTW_01_HC20",,,,"solid","W DC"
"SEH1.STB_O2_PT_01_HC21",,,,"solid","mbarg"
"SEH1.STB_STK_00_HER_00_JTW_00_HC01",,,,"solid","W AC"
"SEH1.STB_STK_00_IT_HC01",,,,"solid","A"
"SEH1.STB_STK_01_CANNE_01_TT_01.HM05",,,,"solid","°C"
"SEH1.STB_STK_01.ET_00_HC01",,,,"solid","V DC"
"SEH1.STB_STK_01.ET_00_HC02",,,,"solid","V DC"
"SEH1.STB_STK_01.ET_00_HC03",,,,"solid","V DC"
"SEH1.STB_STK_01.ET_00_HC04",,,,"solid","V DC"
"SEH1.STB_STK_01.ET_00_HC05",,,,"solid","V DC"
"SEH1.STB_STK_01.ET_01.HM05",,,,"solid","V DC"
"SEH1.STB_STK_01.ET_02.HM05",,,,"solid","V DC"
"SEH1.STB_STK_01.ET_03.HM05",,,,"solid","V DC"
"SEH1.STB_STK_01.ET_04.HM05",,,,"solid","V DC"
"SEH1.STB_STK_01.ET_05.HM05",,,,"solid","V DC"
"SEH1.STB_STK_01.ET_06.HM05",,,,"solid","V DC"
"SEH1.STB_STK_01.ET_07.HM05",,,,"solid","V DC"
"SEH1.STB_STK_01.ET_08.HM05",,,,"solid","V DC"
"SEH1.STB_STK_01.ET_09.HM05",,,,"solid","V DC"
"SEH1.STB_STK_01.ET_10.HM05",,,,"solid","V DC"
"SEH1.STB_STK_01.ET_11.HM05",,,,"solid","V DC"
"SEH1.STB_STK_01.ET_12.HM05",,,,"solid","V DC"
"SEH1.STB_STK_01.ET_13.HM05",,,,"solid","V DC"
"SEH1.STB_STK_01.ET_14.HM05",,,,"solid","V DC"
"SEH1.STB_STK_01.ET_15.HM05",,,,"solid","V DC"
"SEH1.STB_STK_01.ET_16.HM05",,,,"solid","V DC"
"SEH1.STB_STK_01.ET_17.HM05",,,,"solid","V DC"
"SEH1.STB_STK_01.ET_18.HM05",,,,"solid","V DC"
"SEH1.STB_STK_01.ET_19.HM05",,,,"solid","V DC"
"SEH1.STB_STK_01.ET_20.HM05",,,,"solid","V DC"
"SEH1.STB_STK_01.ET_21.HM05",,,,"solid","V DC"
"SEH1.STB_STK_01.ET_22.HM05",,,,"solid","V DC"
"SEH1.STB_STK_01.ET_23.HM05",,,,"solid","V DC"
"SEH1.STB_STK_01.ET_24.HM05",,,,"solid","V DC"
"SEH1.STB_STK_01.ET_25.HM05",,,,"solid","V DC"
"SEH1.STB_STK_01.HER_01_CL01.In.HR26",,,,"solid","°C"
"SEH1.STB_STK_01.HER_01.HO00",,,,"solid","TOR"
"SEH1.STB_STK_01.HER_02_CL01.In.HR26",,,,"solid","°C"
"SEH1.STB_STK_01.HER_02.HO00",,,,"solid","TOR"
"SEH1.STB_STK_01.TT_01.HM05",,,,"solid","°C"
"SEH1.STB_STK_01.TT_02.HM05",,,,"solid","°C"
"SEH1.STB_STK_01.TT_03.HM05",,,,"solid","°C"
"SEH1.STB_STK_01.TT_04.HM05",,,,"solid","°C"
"SEH1.STB_STK_01.TT_05.HM05",,,,"solid","°C"
"SEH1.STB_STK_01.TT_06.HM05",,,,"solid","°C"
"SEH1.STB_STK_02.ET_00_HC01",,,,"solid","V DC"
"SEH1.STB_STK_02.ET_00_HC02",,,,"solid","V DC"
"SEH1.STB_STK_02.ET_00_HC03",,,,"solid","V DC"
"SEH1.STB_STK_02.ET_00_HC04",,,,"solid","V DC"
"SEH1.STB_STK_02.ET_00_HC05",,,,"solid","V DC"
"SEH1.STB_STK_02.ET_01.HM05",,,,"solid","V DC"
"SEH1.STB_STK_02.ET_02.HM05",,,,"solid","V DC"
"SEH1.STB_STK_02.ET_03.HM05",,,,"solid","V DC"
"SEH1.STB_STK_02.ET_04.HM05",,,,"solid","V DC"
"SEH1.STB_STK_02.ET_05.HM05",,,,"solid","V DC"
"SEH1.STB_STK_02.ET_06.HM05",,,,"solid","V DC"
"SEH1.STB_STK_02.ET_07.HM05",,,,"solid","V DC"
"SEH1.STB_STK_02.ET_08.HM05",,,,"solid","V DC"
"SEH1.STB_STK_02.ET_09.HM05",,,,"solid","V DC"
"SEH1.STB_STK_02.ET_10.HM05",,,,"solid","V DC"
"SEH1.STB_STK_02.ET_11.HM05",,,,"solid","V DC"
"SEH1.STB_STK_02.ET_12.HM05",,,,"solid","V DC"
"SEH1.STB_STK_02.ET_13.HM05",,,,"solid","V DC"
"SEH1.STB_STK_02.ET_14.HM05",,,,"solid","V DC"
"SEH1.STB_STK_02.ET_15.HM05",,,,"solid","V DC"
"SEH1.STB_STK_02.ET_16.HM05",,,,"solid","V DC"
"SEH1.STB_STK_02.ET_17.HM05",,,,"solid","V DC"
"SEH1.STB_STK_02.ET_18.HM05",,,,"solid","V DC"
"SEH1.STB_STK_02.ET_19.HM05",,,,"solid","V DC"
"SEH1.STB_STK_02.ET_20.HM05",,,,"solid","V DC"
"SEH1.STB_STK_02.ET_21.HM05",,,,"solid","V DC"
"SEH1.STB_STK_02.ET_22.HM05",,,,"solid","V DC"
"SEH1.STB_STK_02.ET_23.HM05",,,,"solid","V DC"
"SEH1.STB_STK_02.ET_24.HM05",,,,"solid","V DC"
"SEH1.STB_STK_02.ET_25.HM05",,,,"solid","V DC"
"SEH1.STB_STK_02.HER_01_CL01.In.HR26",,,,"solid","°C"
"SEH1.STB_STK_02.HER_01.HO00",,,,"solid","TOR"
"SEH1.STB_STK_02.HER_02_CL01.In.HR26",,,,"solid","°C"
"SEH1.STB_STK_02.HER_02.HO00",,,,"solid","TOR"
"SEH1.STB_STK_02.TT_01.HM05",,,,"solid","°C"
"SEH1.STB_STK_02.TT_02.HM05",,,,"solid","°C"
"SEH1.STB_STK_02.TT_03.HM05",,,,"solid","°C"
"SEH1.STB_STK_02.TT_04.HM05",,,,"solid","°C"
"SEH1.STB_STK_02.TT_05.HM05",,,,"solid","°C"
"SEH1.STB_STK_02.TT_06.HM05",,,,"solid","°C"
"SEH1.STB_STK_03.ET_00_HC01",,,,"solid","V DC"
"SEH1.STB_STK_03.ET_00_HC02",,,,"solid","V DC"
"SEH1.STB_STK_03.ET_00_HC03",,,,"solid","V DC"
"SEH1.STB_STK_03.ET_00_HC04",,,,"solid","V DC"
"SEH1.STB_STK_03.ET_00_HC05",,,,"solid","V DC"
"SEH1.STB_STK_03.ET_01.HM05",,,,"solid","V DC"
"SEH1.STB_STK_03.ET_02.HM05",,,,"solid","V DC"
"SEH1.STB_STK_03.ET_03.HM05",,,,"solid","V DC"
"SEH1.STB_STK_03.ET_04.HM05",,,,"solid","V DC"
"SEH1.STB_STK_03.ET_05.HM05",,,,"solid","V DC"
"SEH1.STB_STK_03.ET_06.HM05",,,,"solid","V DC"
"SEH1.STB_STK_03.ET_07.HM05",,,,"solid","V DC"
"SEH1.STB_STK_03.ET_08.HM05",,,,"solid","V DC"
"SEH1.STB_STK_03.ET_09.HM05",,,,"solid","V DC"
"SEH1.STB_STK_03.ET_10.HM05",,,,"solid","V DC"
"SEH1.STB_STK_03.ET_11.HM05",,,,"solid","V DC"
"SEH1.STB_STK_03.ET_12.HM05",,,,"solid","V DC"
"SEH1.STB_STK_03.ET_13.HM05",,,,"solid","V DC"
"SEH1.STB_STK_03.ET_14.HM05",,,,"solid","V DC"
"SEH1.STB_STK_03.ET_15.HM05",,,,"solid","V DC"
"SEH1.STB_STK_03.ET_16.HM05",,,,"solid","V DC"
"SEH1.STB_STK_03.ET_17.HM05",,,,"solid","V DC"
"SEH1.STB_STK_03.ET_18.HM05",,,,"solid","V DC"
"SEH1.STB_STK_03.ET_19.HM05",,,,"solid","V DC"
"SEH1.STB_STK_03.ET_20.HM05",,,,"solid","V DC"
"SEH1.STB_STK_03.ET_21.HM05",,,,"solid","V DC"
"SEH1.STB_STK_03.ET_22.HM05",,,,"solid","V DC"
"SEH1.STB_STK_03.ET_23.HM05",,,,"solid","V DC"
"SEH1.STB_STK_03.ET_24.HM05",,,,"solid","V DC"
"SEH1.STB_STK_03.ET_25.HM05",,,,"solid","V DC"
"SEH1.STB_STK_03.HER_01_CL01.In.HR26",,,,"solid","°C"
"SEH1.STB_STK_03.HER_01.HO00",,,,"solid","TOR"
"SEH1.STB_STK_03.HER_02_CL01.In.HR26",,,,"solid","°C"
"SEH1.STB_STK_03.HER_02.HO00",,,,"solid","TOR"
"SEH1.STB_STK_03.TT_01.HM05",,,,"solid","°C"
"SEH1.STB_STK_03.TT_02.HM05",,,,"solid","°C"
"SEH1.STB_STK_03.TT_03.HM05",,,,"solid","°C"
"SEH1.STB_STK_03.TT_04.HM05",,,,"solid","°C"
"SEH1.STB_STK_03.TT_05.HM05",,,,"solid","°C"
"SEH1.STB_STK_03.TT_06.HM05",,,,"solid","°C"
"SEH1.STB_STK_04.ET_00_HC01",,,,"solid","V DC"
"SEH1.STB_STK_04.ET_00_HC02",,,,"solid","V DC"
"SEH1.STB_STK_04.ET_00_HC03",,,,"solid","V DC"
"SEH1.STB_STK_04.ET_00_HC04",,,,"solid","V DC"
"SEH1.STB_STK_04.ET_00_HC05",,,,"solid","V DC"
"SEH1.STB_STK_04.ET_01.HM05",,,,"solid","V DC"
"SEH1.STB_STK_04.ET_02.HM05",,,,"solid","V DC"
"SEH1.STB_STK_04.ET_03.HM05",,,,"solid","V DC"
"SEH1.STB_STK_04.ET_04.HM05",,,,"solid","V DC"
"SEH1.STB_STK_04.ET_05.HM05",,,,"solid","V DC"
"SEH1.STB_STK_04.ET_06.HM05",,,,"solid","V DC"
"SEH1.STB_STK_04.ET_07.HM05",,,,"solid","V DC"
"SEH1.STB_STK_04.ET_08.HM05",,,,"solid","V DC"
"SEH1.STB_STK_04.ET_09.HM05",,,,"solid","V DC"
"SEH1.STB_STK_04.ET_10.HM05",,,,"solid","V DC"
"SEH1.STB_STK_04.ET_11.HM05",,,,"solid","V DC"
"SEH1.STB_STK_04.ET_12.HM05",,,,"solid","V DC"
"SEH1.STB_STK_04.ET_13.HM05",,,,"solid","V DC"
"SEH1.STB_STK_04.ET_14.HM05",,,,"solid","V DC"
"SEH1.STB_STK_04.ET_15.HM05",,,,"solid","V DC"
"SEH1.STB_STK_04.ET_16.HM05",,,,"solid","V DC"
"SEH1.STB_STK_04.ET_17.HM05",,,,"solid","V DC"
"SEH1.STB_STK_04.ET_18.HM05",,,,"solid","V DC"
"SEH1.STB_STK_04.ET_19.HM05",,,,"solid","V DC"
"SEH1.STB_STK_04.ET_20.HM05",,,,"solid","V DC"
"SEH1.STB_STK_04.ET_21.HM05",,,,"solid","V DC"
"SEH1.STB_STK_04.ET_22.HM05",,,,"solid","V DC"
"SEH1.STB_STK_04.ET_23.HM05",,,,"solid","V DC"
"SEH1.STB_STK_04.ET_24.HM05",,,,"solid","V DC"
"SEH1.STB_STK_04.ET_25.HM05",,,,"solid","V DC"
"SEH1.STB_STK_04.HER_01_CL01.In.HR26",,,,"solid","°C"
"SEH1.STB_STK_04.HER_01.HO00",,,,"solid","TOR"
"SEH1.STB_STK_04.HER_02_CL01.In.HR26",,,,"solid","°C"
"SEH1.STB_STK_04.HER_02.HO00",,,,"solid","TOR"
"SEH1.STB_STK_04.TT_01.HM05",,,,"solid","°C"
"SEH1.STB_STK_04.TT_02.HM05",,,,"solid","°C"
"SEH1.STB_STK_04.TT_03.HM05",,,,"solid","°C"
"SEH1.STB_STK_04.TT_04.HM05",,,,"solid","°C"
"SEH1.STB_STK_04.TT_05.HM05",,,,"solid","°C"
"SEH1.STB_STK_04.TT_06.HM05",,,,"solid","°C"
"SEH1.STB_STK_HER_00_JT_01.JTVA_HC20",,,,"solid","VA AC"
"SEH1.STB_STK_HER_00_JT_01.JTVAR_HC20",,,,"solid","VAR AC"
"SEH1.STB_STK_HER_00_JT_01.JTW_HC20",,,,"solid","W AC"
"SEH1.STB_STK_HER_00_JT_02.JTVA_HC20",,,,"solid","VA AC"
"SEH1.STB_STK_HER_00_JT_02.JTVAR_HC20",,,,"solid","VAR AC"
"SEH1.STB_STK_HER_00_JT_02.JTW_HC20",,,,"solid","W AC"
"SEH1.STB_STK_HER_00_JT_03.JTVA_HC20",,,,"solid","VA AC"
"SEH1.STB_STK_HER_00_JT_03.JTVAR_HC20",,,,"solid","VAR AC"
"SEH1.STB_STK_HER_00_JT_03.JTW_HC20",,,,"solid","W AC"
"SEH1.STB_TT_01.HM05",,,,"solid","°C"
"SEH1.STB_TT_02.HM05",,,,"solid","°C"
"SEH1.STK_ALIM_01.ET_HM05",,,,"solid","V DC"
"SEH1.STK_ALIM_01.IT_HM05",,,,"solid","A"
"SEH1.STK_ALIM_01.IT_HR29",,,,"solid","A"
"SEH1.STK_ALIM_01.IT_HS00",,,,"solid","A"
"SEH1.STK_ALIM_01.JT_01.JTVA_HC20_K",,,,"solid","KVA AC"
"SEH1.STK_ALIM_01.JT_01.JTVAR_HC20_K",,,,"solid","Kvar AC"
"SEH1.STK_ALIM_01.JT_01.JTW_HC20_K",,,,"solid","kW AC"
"SEH1.STK_ALIM_01.JTW_HM05",,,,"solid","kW DC"
"SEH1.STK_ALIM_02.ET_HM05",,,,"solid","V DC"
"SEH1.STK_ALIM_02.IT_HM05",,,,"solid","A"
"SEH1.STK_ALIM_02.IT_HR29",,,,"solid","A"
"SEH1.STK_ALIM_02.IT_HS00",,,,"solid","A"
"SEH1.STK_ALIM_02.JTW_HM05",,,,"solid","kW DC"
"SEH1.STK_ALIM_03.ET_HM05",,,,"solid","V DC"
"SEH1.STK_ALIM_03.IT_HM05",,,,"solid","A"
"SEH1.STK_ALIM_03.IT_HR29",,,,"solid","A"
"SEH1.STK_ALIM_03.IT_HS00",,,,"solid","A"
"SEH1.STK_ALIM_03.JTW_HM05",,,,"solid","kW DC"
"SEH1.STK_ALIM_04.ET_HM05",,,,"solid","V DC"
"SEH1.STK_ALIM_04.IT_HM05",,,,"solid","A"
"SEH1.STK_ALIM_04.IT_HR29",,,,"solid","A"
"SEH1.STK_ALIM_04.IT_HS00",,,,"solid","A"
"SEH1.STK_ALIM_04.JTW_HM05",,,,"solid","kW DC"
"SIS.BAS_EX_FT_01_HM05",,,,"solid","m3/h "
"SIS.BAS_EX_FT_02_HM05",,,,"solid","m3/h "
"SIS.BAS_GN_PT_01_HM05",,,,"solid","barg"
"SIS.BAS_H2_FCV_01_HR36",,,,"solid","Nl/min"
"SIS.BAS_H2_FT_01_HM05",,,,"solid","barg"
"SIS.BAS_H2_PT_00_HC06",,,,"solid","%"
"SIS.BAS_H2_PT_01_HM05",,,,"solid","barg"
"SIS.BAS_H2_PT_01_HM06",,,,"solid","%"
"SIS.BAS_H2_PT_02_HM05",,,,"solid","barg"
"SIS.BAS_H2_PT_02_HM06",,,,"solid","%"
"SIS.BAS_N2_FCV_01_HR36",,,,"solid","Nl/min"
"SIS.BAS_N2_FCV_02_HR36",,,,"solid","Nl/min"
"SIS.BAS_N2_FT_01_HM05",,,,"solid","Nl/min"
"SIS.BAS_N2_FT_02_HM05",,,,"solid","Nl/min"
"SIS.BAS_N2_PT_00_HC06",,,,"solid","%"
"SIS.BAS_N2_PT_01_HM05",,,,"solid","barg"
"SIS.BAS_N2_PT_01_HM06",,,,"solid","%"
"SIS.BAS_N2_PT_02_HM05",,,,"solid","barg"
"SIS.BAS_N2_PT_02_HM06",,,,"solid","%"
"SIS.TT_01.HM05",,,,"solid","°C"
